﻿Designator,Footprint,Quantity,Value,LCSC Part #
"C1, C10, C13, C14, C15, C16, C18, C2, C21, C5, C8",0805,11,0.1u,
"C11, C19, C22, C6",0805,4,1u,
"C12, C3, C4, C7",T491A106K010AT,4,10u,
C17,0805,1,10n,
C20,0805,1,100p,
C9,T491A106K010AT,1,4u7,
F1,RESC3216X125N,1,0ZCJ0110FF2E,
J1,BELFUSE_SS-52400-003,1,SS-52400-003,
J2,JST_B2B-PH-SM4-TB,1,B2B-PH-SM4-TB,
J3,AMPHENOL_GSD090012SEU,1,GSD090012SEU,
J4,PinHeader_1x04_P2.54mm_Vertical,1,Conn_01x04_Pin,
J6,PinHeader_1x05_P2.54mm_Vertical,1,Conn_01x05_Pin,
"LED1, LED4, LED6",DIOC200X125X110,3,LTST-C170KRKT,
"LED2, LED5",DIOC200X125X110,2,LTST-C170KGKT,
LED3,DIOC200X125X110,1,LTST-C170TBKT,
MK1,CUI_CMC-5042PF-AC,1,CMC-5042PF-AC,
Q1,TRANS_TEMT6000X01,1,TEMT6000X01,
"Q2, Q3",SOT-23,2,BC817,
"R1, R19, R2, R23, R30, R32, R33, R34",0805,8,10K,
"R10, R14, R18, R7, R8, R9",0805,6,470,
R11,0805,1,1K,
R12,0805,1,22K1,
R13,0805,1,47K5,
"R15, R16, R20, R22",0805,4,50,
"R24, R25",0805,2,4K7,
"R26, R28, R5",0805,3,2K,
"R27, R29",0805,2,1M,
"R3, R4",0805,2,5K1,
R31,0805,1,100K,
R6,0805,1,20K,
"S1, S2",SW_USLPT2819DT2TR,2,USLPT2819DT2TR,
TP1,TestPoint_Pad_D1.0mm,1,Test MOSI,
TP2,TestPoint_Pad_D1.0mm,1,Test MISO,
TP3,TestPoint_Pad_D1.0mm,1,Test SCLK,
TP4,TestPoint_Pad_D1.0mm,1,Test CS_SD,
TP5,TestPoint_Pad_D1.0mm,1,Test CS_MEM,
U1,QFN-20-1EP_4x4mm_P0.5mm_EP2.5x2.5mm,1,MCP73871,
U2,PSON65P250X250X100-8N,1,BME280,
U3,MODULE_ESP32-C3-WROOM-02-H4,1,ESP32-C3-WROOM-02-H4,
U4,WFQFN-20,1,CP2102N-Axx-xQFN20,
U5,SOT-23-6,1,USBLC6-2SC6,
U6,SOIC127P790X216-8N,1,W25Q32JVSSIQ,
U7,SOT65P210X110-5N,1,MAX4466EXK,
VR1,VREG_LM1117MPX-3.3,1,LM1117MPX-3.3,
